{"schemaVersion":"1.0","appDefinitionTemplate":{"id":"/providers/Microsoft.PowerApps/apps/","type":"Microsoft.PowerApps/apps","tags":{"primaryDeviceWidth":"1366","primaryDeviceHeight":"768","sienaVersion":"20220208T092545Z-3.22013.7.0","deviceCapabilities":"","supportsPortrait":"true","supportsLandscape":"true","primaryFormFactor":"Tablet","publisherVersion":"3.22013.7","minimumRequiredApiVersion":"2.2.0","hasComponent":"false","hasUnlockedComponent":"false","isUnifiedRootApp":"false"},"properties":{"appVersion":"2022-02-08T09:25:45Z","lifeCycleId":"Published","createdByClientVersion":{"major":3,"minor":22013,"build":7,"revision":0,"majorRevision":0,"minorRevision":0},"minClientVersion":{"major":3,"minor":22013,"build":7,"revision":0,"majorRevision":0,"minorRevision":0},"backgroundColor":"RGBA(0,176,240,1)","backgroundImageUri":"/17764902359543234497/Nb6973e15-602c-4418-b90b-031fc289f082-logoSmallFile","displayName":"OPB_Attachmentcontrols-1","description":"","commitMessage":"","appUris":{"documentUri":{"value":"/17764902359543234497/N469148e0-95af-43ec-9daa-3f1c20d2f3e8-document.msapp"},"imageUris":[],"additionalUris":[]},"createdTime":"0001-01-01T00:00:00Z","lastModifiedTime":"0001-01-01T00:00:00Z","sharedGroupsCount":0,"sharedUsersCount":0,"icons":{"smallIconUri":"/17764902359543234497/N302353b7-933c-46e4-9012-756440c8cb9a-small.png","mediumIconUri":"/17764902359543234497/Ncff332ab-d1c9-485e-9f0c-5ad7ced09bf4-medium.png","largeIconUri":"/17764902359543234497/Nc6195e01-109f-4699-b94d-dc7f2f8ca08c-large.png","wideIconUri":"/17764902359543234497/N2bc2649d-808e-4672-8d67-ee596b473fa1-wide.png"},"connectionReferences":{"33cdd079-4c47-42b5-81c7-ed652cd56fce":{"id":"c1242cec-53c2-48d3-92c7-80afb4fb4149","displayName":"SharePoint","iconUri":"https://connectoricons-prod.azureedge.net/releases/v1.0.1549/1.0.1549.2680/sharepointonline/icon.png","dataSources":["AttachmentControl"],"dependencies":[],"dependents":[],"parameterHints":{},"parameterHintsV2":{},"isOnPremiseConnection":false,"bypassConsent":false,"dataSets":{"https://5ydm6t.sharepoint.com/sites/SharepointLearnings":{"dataSources":{"AttachmentControl":{"tableName":"e255b06c-bc48-4702-8928-c96d3abb7884"}}}},"apiTier":"Standard","isCustomApiConnection":false,"actions":["providers/PowerPlatform.Governance/Operations/Read","providers/PowerPlatform.Governance/Operations/Write","providers/PowerPlatform.Governance/Operations/Delete"]}},"databaseReferences":{},"almMode":"Environment","performanceOptimizationEnabled":true,"canConsumeAppPass":true,"executionRestrictions":{"isTeamsOnly":false,"dataLossPreventionEvaluationResult":{"status":"Compliant","lastEvaluationDate":"2022-02-07T12:58:31.6437523Z","violations":[],"violationsByPolicy":[],"violationErrorMessage":"The app uses the following connectors: shared_sharepointonline."}}},"appType":"ClassicCanvasApp","appComponents":[]}}