{"schemaVersion":"1.0","appDefinitionTemplate":{"id":"/providers/Microsoft.PowerApps/apps/","type":"Microsoft.PowerApps/apps","tags":{"primaryDeviceWidth":"1366","primaryDeviceHeight":"768","sienaVersion":"20220209T084635Z-3.22015.25.0","deviceCapabilities":"","supportsPortrait":"true","supportsLandscape":"true","primaryFormFactor":"Tablet","publisherVersion":"3.22013.7","minimumRequiredApiVersion":"2.2.0","hasComponent":"false","hasUnlockedComponent":"false","isUnifiedRootApp":"false"},"properties":{"appVersion":"2022-02-09T08:46:35Z","lifeCycleId":"Published","createdByClientVersion":{"major":3,"minor":22013,"build":7,"revision":0,"majorRevision":0,"minorRevision":0},"minClientVersion":{"major":3,"minor":22013,"build":7,"revision":0,"majorRevision":0,"minorRevision":0},"backgroundColor":"RGBA(0,176,240,1)","backgroundImageUri":"/12818319758675979943/Na24c5753-a6cb-4135-8e0b-699cdbaadaab-N36b2b427-32ee-4b86-b076-773ed11e4854-logoSmallFile","displayName":"PowerappsLearnings_AttachmentControl","description":"","commitMessage":"","appUris":{"documentUri":{"value":"/12818319758675979943/Ne95c7ac9-d437-49c2-bc93-82d06f501f66-N6144c41d-2d0c-4567-8323-ac258e3190f6-document.msapp"},"imageUris":[]},"createdTime":"0001-01-01T00:00:00Z","lastModifiedTime":"0001-01-01T00:00:00Z","sharedGroupsCount":0,"sharedUsersCount":0,"icons":{"smallIconUri":"/12818319758675979943/N8a66c8af-dc84-4c20-b3c4-70b4d023b5e5-N1eee14d7-4c8d-479c-9d27-80b1de214561-small.png","mediumIconUri":"/12818319758675979943/N36062431-2bed-441a-b1fa-d3a37f36d5b0-N71886faf-32e9-47ae-a684-0876d1cfe5b3-medium.png","largeIconUri":"/12818319758675979943/Nf7f6ae8b-780b-4ac6-901a-47fe89f2b2c2-Nbc67a764-2623-45ab-aafc-0402a00de339-large.png","wideIconUri":"/12818319758675979943/N094db29c-073a-4fae-a190-bb2d30444eb6-N5de2cc6b-0474-4cdc-bc3b-1beda89c260b-wide.png"},"connectionReferences":{"33cdd079-4c47-42b5-81c7-ed652cd56fce":{"id":"c1242cec-53c2-48d3-92c7-80afb4fb4149","displayName":"SharePoint","iconUri":"https://connectoricons-prod.azureedge.net/releases/v1.0.1549/1.0.1549.2680/sharepointonline/icon.png","dataSources":["AttachmentControl"],"dependencies":[],"dependents":[],"parameterHints":{},"parameterHintsV2":{},"isOnPremiseConnection":false,"bypassConsent":false,"dataSets":{"https://5ydm6t.sharepoint.com/sites/SharepointLearnings":{"dataSources":{"AttachmentControl":{"tableName":"e255b06c-bc48-4702-8928-c96d3abb7884"}}}},"apiTier":"Standard","isCustomApiConnection":false,"actions":["providers/PowerPlatform.Governance/Operations/Read","providers/PowerPlatform.Governance/Operations/Write","providers/PowerPlatform.Governance/Operations/Delete"]}},"databaseReferences":{},"almMode":"Environment","performanceOptimizationEnabled":true,"canConsumeAppPass":true,"executionRestrictions":{"isTeamsOnly":false,"dataLossPreventionEvaluationResult":{"status":"Compliant","lastEvaluationDate":"2022-02-07T12:58:31.6437523Z","violations":[],"violationsByPolicy":[],"violationErrorMessage":"The app uses the following connectors: shared_sharepointonline."}}},"appType":"ClassicCanvasApp","appComponents":[]}}