{"schemaVersion":"1.0","appDefinitionTemplate":{"id":"/providers/Microsoft.PowerApps/apps/","type":"Microsoft.PowerApps/apps","tags":{"primaryDeviceWidth":"1366","primaryDeviceHeight":"768","sienaVersion":"20220223T072515Z-3.22022.29.0","deviceCapabilities":"","supportsPortrait":"false","supportsLandscape":"true","primaryFormFactor":"Tablet","publisherVersion":"3.20072.20","minimumRequiredApiVersion":"2.2.0","hasComponent":"false","hasUnlockedComponent":"false","isUnifiedRootApp":"false"},"properties":{"appVersion":"2022-02-23T07:25:15Z","lifeCycleId":"Published","createdByClientVersion":{"major":3,"minor":20072,"build":20,"revision":0,"majorRevision":0,"minorRevision":0},"minClientVersion":{"major":3,"minor":20072,"build":20,"revision":0,"majorRevision":0,"minorRevision":0},"backgroundColor":"rgba(0, 176, 240, 1)","backgroundImageUri":"/1081198314065291815/N913c95ea-bb4b-4360-894e-428abd121273-N8ba3d1d1-2f83-4c40-8d68-f05e1c98247d-logoSmallFile","displayName":"Tag Multiple Files","description":"","commitMessage":"","appUris":{"documentUri":{"value":"/1081198314065291815/N632bdda5-2941-470f-bfe2-3eb94fe78281-Nc306f908-eaf1-4338-95a8-e95179b7b715-document.msapp"},"imageUris":[],"additionalUris":[]},"createdTime":"0001-01-01T00:00:00Z","lastModifiedTime":"0001-01-01T00:00:00Z","sharedGroupsCount":0,"sharedUsersCount":0,"icons":{"smallIconUri":"/1081198314065291815/N5a5011a0-044c-49c8-bfda-0b6f64cb521b-N0dc065eb-9724-4650-a386-cacb65560dce-small.png","mediumIconUri":"/1081198314065291815/N40efb219-d119-4f86-85ac-b31c2573f428-Nf4d99339-a92d-4117-98ed-03e115b002ca-medium.png","largeIconUri":"/1081198314065291815/N298b0435-5226-45e7-9629-334063c05033-N665a04ee-830c-47f7-8c5b-f266af7a9f25-large.png","wideIconUri":"/1081198314065291815/Nca0aeecf-2f9f-4b63-94ca-141c6b3152b1-N40e11e95-e2a5-4855-bf52-010dcd9f06c8-wide.png"},"connectionReferences":{"c0ab3ae0-25c5-4ce1-ac8d-1f0ab66b80b6":{"id":"c1242cec-53c2-48d3-92c7-80afb4fb4149","displayName":"SharePoint","iconUri":"https://connectoricons-prod.azureedge.net/releases/v1.0.1550/1.0.1550.2686/sharepointonline/icon.png","dataSources":["ListData"],"dependencies":[],"dependents":["0633f5c9-aa89-413d-b19c-1e48bebd0197"],"parameterHints":{},"isOnPremiseConnection":false,"bypassConsent":false,"dataSets":{"https://rdorrani.sharepoint.com/sites/archivehome":{"dataSources":{"ListData":{"tableName":"f3a07162-470c-413b-890c-0f0c2e254efa"}}}},"apiTier":"Standard","isCustomApiConnection":false},"0633f5c9-aa89-413d-b19c-1e48bebd0197":{"id":"d10c16d3-6015-4eea-87a0-360c42017203","displayName":"Logic flows","iconUri":"https://connectoricons-prod.azureedge.net/releases/v1.0.1534/1.0.1534.2605/logicflows/icon.png","dataSources":["PowerApps-SendFilesWithMetadataToSharePoint"],"dependencies":["c0ab3ae0-25c5-4ce1-ac8d-1f0ab66b80b6"],"dependents":[],"parameterHints":{"workflowName":{"value":"93a2763e-62ed-4f26-9bce-aac4dd261d95"},"c0ab3ae0-25c5-4ce1-ac8d-1f0ab66b80b6":{"value":"shared_sharepointonline"}},"isOnPremiseConnection":false,"bypassConsent":false,"dataSets":{},"apiTier":"Standard","isCustomApiConnection":false,"nestedActions":[]}},"databaseReferences":{},"almMode":"Environment","performanceOptimizationEnabled":true,"canConsumeAppPass":true,"executionRestrictions":{"isTeamsOnly":false,"dataLossPreventionEvaluationResult":{"status":"Compliant","lastEvaluationDate":"2022-05-01T08:33:12.8273836Z","violations":[],"violationsByPolicy":[],"violationErrorMessage":"The app uses the following connectors: shared_sharepointonline, shared_logicflows."},"httpActionRestriction":{"appUsesSharepointHttpAction":false,"enforcementStrategy":"Legacy","evaluationTime":"2022-05-01T08:33:12.8273836Z"}}},"isAppComponentLibrary":false,"appType":"ClassicCanvasApp","appComponents":[]}}