{"schemaVersion":"1.0","appDefinitionTemplate":{"id":"/providers/Microsoft.PowerApps/apps/","type":"Microsoft.PowerApps/apps","tags":{"primaryDeviceWidth":"1366","primaryDeviceHeight":"768","sienaVersion":"20220502T104848Z-3.22042.8.0","deviceCapabilities":"","supportsPortrait":"true","supportsLandscape":"true","primaryFormFactor":"Tablet","publisherVersion":"3.22042.8","minimumRequiredApiVersion":"2.2.0","hasComponent":"false","hasUnlockedComponent":"false","isUnifiedRootApp":"false"},"properties":{"appVersion":"2022-05-02T10:48:48Z","lifeCycleId":"Published","createdByClientVersion":{"major":3,"minor":22042,"build":8,"revision":0,"majorRevision":0,"minorRevision":0},"minClientVersion":{"major":3,"minor":22042,"build":8,"revision":0,"majorRevision":0,"minorRevision":0},"backgroundColor":"RGBA(0,176,240,1)","backgroundImageUri":"/17187725793124466189/Na18f67ff-aa4c-4e4e-b09f-1ed0bab72ec3-logoSmallFile","displayName":"Dynamic Forms","description":"","commitMessage":"","appUris":{"documentUri":{"value":"/17187725793124466189/N2df60887-9ac8-4066-89c2-42a4eb6760b7-document.msapp"},"imageUris":[],"additionalUris":[]},"createdTime":"0001-01-01T00:00:00Z","lastModifiedTime":"0001-01-01T00:00:00Z","sharedGroupsCount":0,"sharedUsersCount":0,"icons":{"smallIconUri":"/17187725793124466189/Nfaa96ccd-e2ea-40ba-9657-a0025bc7c3c8-small.png","mediumIconUri":"/17187725793124466189/N9d0bfa95-39a0-4a2d-88ae-a3ec807b249e-medium.png","largeIconUri":"/17187725793124466189/N38bdea08-4dd3-4087-959a-3d9ac72c9b36-large.png","wideIconUri":"/17187725793124466189/Nf667fa9e-1bd9-48d5-b65c-a539fd916eaa-wide.png"},"connectionReferences":{"f5132048-ac51-4b48-a8dc-8c9993e2c2a8":{"id":"c1242cec-53c2-48d3-92c7-80afb4fb4149","displayName":"SharePoint","iconUri":"https://connectoricons-prod.azureedge.net/releases/v1.0.1568/1.0.1568.2757/sharepointonline/icon.png","dataSources":["FormResults","Form Template"],"dependencies":[],"dependents":[],"parameterHints":{},"parameterHintsV2":{},"isOnPremiseConnection":false,"bypassConsent":false,"dataSets":{"https://5ydm6t.sharepoint.com/sites/SharepointLearnings":{"dataSources":{"FormResults":{"tableName":"3255e686-f900-472c-acb2-9409a419c297"},"Form Template":{"tableName":"fe7d15eb-3a4a-4b90-a1ba-e574b1a64010"}}}},"apiTier":"Standard","isCustomApiConnection":false,"actions":["providers/PowerPlatform.Governance/Operations/Read","providers/PowerPlatform.Governance/Operations/Write"]}},"databaseReferences":{},"almMode":"Environment","performanceOptimizationEnabled":true,"canConsumeAppPass":true,"executionRestrictions":{"isTeamsOnly":false,"dataLossPreventionEvaluationResult":{"status":"Compliant","lastEvaluationDate":"2021-11-27T03:02:09.6268883Z","violations":[],"violationsByPolicy":[],"violationErrorMessage":"The app uses the following connectors: shared_sharepointonline."}}},"appType":"ClassicCanvasApp","appComponents":[]}}