{"name":"f4636c4e-748c-449b-9214-34136b36dd97","id":"/providers/Microsoft.Flow/flows/f4636c4e-748c-449b-9214-34136b36dd97","type":"Microsoft.Flow/flows","properties":{"apiId":"/providers/Microsoft.PowerApps/apis/shared_logicflows","displayName":"PowerApps - Send Files With Metadata To SharePoint","definition":{"metadata":{"workflowEntityId":null,"flowclientsuspensionreason":"None","flowclientsuspensiontime":null,"creator":{"id":"51a6a8e7-873c-49cf-8130-f07966aa89cd","type":"User","tenantId":"d27657b2-f96c-475e-a9bb-ffb1dbe287c8"},"provisioningMethod":"FromDefinition","failureAlertSubscription":true,"clientLastModifiedTime":"2020-08-03T22:25:28.377178Z"},"$schema":"https://schema.management.azure.com/providers/Microsoft.Logic/schemas/2016-06-01/workflowdefinition.json#","contentVersion":"1.0.0.0","parameters":{"$connections":{"defaultValue":{},"type":"Object"},"$authentication":{"defaultValue":{},"type":"SecureObject"}},"triggers":{"manual":{"type":"Request","kind":"PowerApp","inputs":{"schema":{"type":"object","properties":{"Metadata_Value":{"type":"string","description":"Enter initial value","x-ms-powerflows-param-ispartial":false}},"required":["Metadata_Value"]}}}},"actions":{"Metadata":{"runAfter":{"Is_Process_Successful":["Succeeded"]},"type":"InitializeVariable","inputs":{"variables":[{"name":"varMetadata","type":"string","value":"@{triggerBody()['Metadata_Value']}"}]}},"JSONMetadata":{"runAfter":{"Metadata":["Succeeded"]},"type":"Compose","inputs":"@json(variables('varMetadata'))"},"Scope":{"actions":{"Apply_to_each_and_send_to_SharePoint_List":{"foreach":"@outputs('JSONMetadata')","actions":{"Create_item":{"runAfter":{},"metadata":{"flowSystemMetadata":{"swaggerOperationId":"PostItem"}},"type":"ApiConnection","inputs":{"host":{"connection":{"name":"@json(decodeBase64(triggerOutputs().headers['X-MS-APIM-Tokens']))['$connections']['shared_sharepointonline']['connectionId']"},"api":{"runtimeUrl":"https://flow-apim-msmanaged-na-eastus2-01.azure-apim.net/apim/sharepointonline"}},"method":"post","body":{"Title":"@{item()?['Title']}","Description":"@{item()?['Desc']}","Date":"@{item()?['Date']}"},"path":"/datasets/@{encodeURIComponent(encodeURIComponent('https://rdorrani.sharepoint.com/sites/archivehome'))}/tables/@{encodeURIComponent(encodeURIComponent('f3a07162-470c-413b-890c-0f0c2e254efa'))}/items","authentication":{"type":"Raw","value":"@json(decodeBase64(triggerOutputs().headers['X-MS-APIM-Tokens']))['$ConnectionKey']"}}},"Add_attachment":{"runAfter":{"Create_item":["Succeeded"]},"metadata":{"flowSystemMetadata":{"swaggerOperationId":"CreateAttachment"}},"type":"ApiConnection","inputs":{"host":{"connection":{"name":"@json(decodeBase64(triggerOutputs().headers['X-MS-APIM-Tokens']))['$connections']['shared_sharepointonline']['connectionId']"},"api":{"runtimeUrl":"https://flow-apim-msmanaged-na-eastus2-01.azure-apim.net/apim/sharepointonline"}},"method":"post","body":"@dataUriToBinary(item()?['DataStream'])","path":"/datasets/@{encodeURIComponent(encodeURIComponent('https://rdorrani.sharepoint.com/sites/archivehome'))}/tables/@{encodeURIComponent(encodeURIComponent('f3a07162-470c-413b-890c-0f0c2e254efa'))}/items/@{encodeURIComponent(encodeURIComponent(body('Create_item')?['ID']))}/attachments","queries":{"displayName":"@{items('Apply_to_each_and_send_to_SharePoint_List')?['Name']}"},"authentication":{"type":"Raw","value":"@json(decodeBase64(triggerOutputs().headers['X-MS-APIM-Tokens']))['$ConnectionKey']"}}}},"runAfter":{},"type":"Foreach"}},"runAfter":{"JSONMetadata":["Succeeded"]},"type":"Scope"},"Set_variable":{"runAfter":{"Scope":["Succeeded"]},"type":"SetVariable","inputs":{"name":"isSuccess","value":"Yes"}},"Set_variable_2":{"runAfter":{"Scope":["Failed","Skipped","TimedOut"]},"type":"SetVariable","inputs":{"name":"isSuccess","value":"No"}},"Respond_to_a_PowerApp_or_flow":{"runAfter":{"Set_variable":["Succeeded","Skipped"],"Set_variable_2":["Succeeded","Skipped"]},"type":"Response","kind":"PowerApp","inputs":{"statusCode":200,"body":{"success":"@variables('isSuccess')"},"schema":{"type":"object","properties":{"success":{"title":"Success","x-ms-dynamically-added":true,"type":"string"}}}}},"Is_Process_Successful":{"runAfter":{},"type":"InitializeVariable","inputs":{"variables":[{"name":"isSuccess","type":"string"}]}}},"outputs":{},"description":"Create one or more actions to happen when a button or link in PowerApps is selected. To use this flow from a PowerApp, select the control you want to trigger the flow and go to the Action tab in the PowerApps ribbon and select Flows."},"connectionReferences":{"shared_sharepointonline":{"connectionName":"1608dcaf64364b9083d0b8c1949306a6","source":"Invoker","id":"/providers/Microsoft.PowerApps/apis/shared_sharepointonline","tier":"NotSpecified"}},"flowFailureAlertSubscribed":false}}