<ImportExportXml version="9.2.22061.180" SolutionPackageVersion="9.2" languagecode="1033" generatedBy="CrmLive" xmlns:xsi="http://www.w3.org/2001/XMLSchema-instance">
  <SolutionManifest>
    <UniqueName>NewAssessmentDemo</UniqueName>
    <LocalizedNames>
      <LocalizedName description="NewAssessmentDemo" languagecode="1033" />
    </LocalizedNames>
    <Descriptions />
    <Version>1.0.0.1</Version>
    <Managed>1</Managed>
    <Publisher>
      <UniqueName>DefaultPublisherorgf223826f</UniqueName>
      <LocalizedNames>
        <LocalizedName description="Default Publisher for orgf223826f" languagecode="1033" />
      </LocalizedNames>
      <Descriptions>
        <Description description="Default publisher for this organization" languagecode="1033" />
      </Descriptions>
      <EMailAddress xsi:nil="true"></EMailAddress>
      <SupportingWebsiteUrl xsi:nil="true"></SupportingWebsiteUrl>
      <CustomizationPrefix>new</CustomizationPrefix>
      <CustomizationOptionValuePrefix>10000</CustomizationOptionValuePrefix>
      <Addresses>
        <Address>
          <AddressNumber>1</AddressNumber>
          <AddressTypeCode xsi:nil="true"></AddressTypeCode>
          <City xsi:nil="true"></City>
          <County xsi:nil="true"></County>
          <Country xsi:nil="true"></Country>
          <Fax xsi:nil="true"></Fax>
          <FreightTermsCode xsi:nil="true"></FreightTermsCode>
          <ImportSequenceNumber xsi:nil="true"></ImportSequenceNumber>
          <Latitude xsi:nil="true"></Latitude>
          <Line1 xsi:nil="true"></Line1>
          <Line2 xsi:nil="true"></Line2>
          <Line3 xsi:nil="true"></Line3>
          <Longitude xsi:nil="true"></Longitude>
          <Name xsi:nil="true"></Name>
          <PostalCode xsi:nil="true"></PostalCode>
          <PostOfficeBox xsi:nil="true"></PostOfficeBox>
          <PrimaryContactName xsi:nil="true"></PrimaryContactName>
          <ShippingMethodCode xsi:nil="true"></ShippingMethodCode>
          <StateOrProvince xsi:nil="true"></StateOrProvince>
          <Telephone1 xsi:nil="true"></Telephone1>
          <Telephone2 xsi:nil="true"></Telephone2>
          <Telephone3 xsi:nil="true"></Telephone3>
          <TimeZoneRuleVersionNumber xsi:nil="true"></TimeZoneRuleVersionNumber>
          <UPSZone xsi:nil="true"></UPSZone>
          <UTCOffset xsi:nil="true"></UTCOffset>
          <UTCConversionTimeZoneCode xsi:nil="true"></UTCConversionTimeZoneCode>
        </Address>
        <Address>
          <AddressNumber>2</AddressNumber>
          <AddressTypeCode xsi:nil="true"></AddressTypeCode>
          <City xsi:nil="true"></City>
          <County xsi:nil="true"></County>
          <Country xsi:nil="true"></Country>
          <Fax xsi:nil="true"></Fax>
          <FreightTermsCode xsi:nil="true"></FreightTermsCode>
          <ImportSequenceNumber xsi:nil="true"></ImportSequenceNumber>
          <Latitude xsi:nil="true"></Latitude>
          <Line1 xsi:nil="true"></Line1>
          <Line2 xsi:nil="true"></Line2>
          <Line3 xsi:nil="true"></Line3>
          <Longitude xsi:nil="true"></Longitude>
          <Name xsi:nil="true"></Name>
          <PostalCode xsi:nil="true"></PostalCode>
          <PostOfficeBox xsi:nil="true"></PostOfficeBox>
          <PrimaryContactName xsi:nil="true"></PrimaryContactName>
          <ShippingMethodCode xsi:nil="true"></ShippingMethodCode>
          <StateOrProvince xsi:nil="true"></StateOrProvince>
          <Telephone1 xsi:nil="true"></Telephone1>
          <Telephone2 xsi:nil="true"></Telephone2>
          <Telephone3 xsi:nil="true"></Telephone3>
          <TimeZoneRuleVersionNumber xsi:nil="true"></TimeZoneRuleVersionNumber>
          <UPSZone xsi:nil="true"></UPSZone>
          <UTCOffset xsi:nil="true"></UTCOffset>
          <UTCConversionTimeZoneCode xsi:nil="true"></UTCConversionTimeZoneCode>
        </Address>
      </Addresses>
    </Publisher>
    <RootComponents>
      <RootComponent type="1" schemaName="crb41_course" behavior="0" />
      <RootComponent type="1" schemaName="crb41_instructor" behavior="0" />
      <RootComponent type="1" schemaName="crb41_student" behavior="0" />
      <RootComponent type="1" schemaName="crb41_take" behavior="0" />
      <RootComponent type="62" schemaName="crb41_AssessmentDemo" behavior="0" />
      <RootComponent type="80" schemaName="crb41_AssessmentDemo" behavior="0" />
    </RootComponents>
    <MissingDependencies>
      <MissingDependency>
        <Required type="61" schemaName="msdyn_/Images/AppModule_Default_Icon.png" displayName="msdyn_/Images/AppModule_Default_Icon.png" solution="AppModuleWebResources (2.5)" />
        <Dependent type="80" schemaName="crb41_AssessmentDemo" displayName="AssessmentDemo" />
      </MissingDependency>
      <MissingDependency>
        <Required type="61" schemaName="msdyn_/RichTextEditorControl/libs/ckeditor/plugins/wsc/dialogs/ciframe.html" displayName="msdyn_/RichTextEditorControl/libs/ckeditor/plugins/wsc/dialogs/ciframe.html" solution="msdyn_RichTextEditor (1.0.0.1798)" />
        <Dependent type="80" schemaName="crb41_AssessmentDemo" displayName="AssessmentDemo" />
      </MissingDependency>
      <MissingDependency>
        <Required type="61" schemaName="msdyncrm_/libs/ckeditor/plugins/colorbutton/icons/hidpi/bgcolor.png" displayName="msdyncrm_/libs/ckeditor/plugins/colorbutton/icons/hidpi/bgcolor.png" solution="SampleEditorCustomControl (1.70.180.0)" />
        <Dependent type="1" schemaName="crb41_take" displayName="Take" />
      </MissingDependency>
      <MissingDependency>
        <Required type="61" schemaName="msdyncrm_/libs/ckeditor/plugins/smiley/images/angel_smile.png" displayName="msdyncrm_/libs/ckeditor/plugins/smiley/images/angel_smile.png" solution="SampleEditorCustomControl (1.70.180.0)" />
        <Dependent type="1" schemaName="crb41_course" displayName="Course" />
      </MissingDependency>
      <MissingDependency>
        <Required type="61" schemaName="msdyncrm_/libs/ckeditor/plugins/smiley/images/regular_smile.png" displayName="msdyncrm_/libs/ckeditor/plugins/smiley/images/regular_smile.png" solution="SampleEditorCustomControl (1.70.180.0)" />
        <Dependent type="1" schemaName="crb41_instructor" displayName="Instructor" />
      </MissingDependency>
      <MissingDependency>
        <Required type="61" schemaName="msdyncrm_/libs/ckeditor/plugins/smiley/images/shades_smile.gif" displayName="msdyncrm_/libs/ckeditor/plugins/smiley/images/shades_smile.gif" solution="SampleEditorCustomControl (1.70.180.0)" />
        <Dependent type="1" schemaName="crb41_student" displayName="Student" />
      </MissingDependency>
    </MissingDependencies>
  </SolutionManifest>
</ImportExportXml>