{"schemaVersion":"1.0","appDefinitionTemplate":{"id":"/providers/Microsoft.PowerApps/apps/","type":"Microsoft.PowerApps/apps","tags":{"primaryDeviceWidth":"640","primaryDeviceHeight":"1136","supportsPortrait":"true","supportsLandscape":"true","primaryFormFactor":"Phone","publisherVersion":"3.22111.19","minimumRequiredApiVersion":"2.2.0","hasComponent":"false","hasUnlockedComponent":"false","isUnifiedRootApp":"false","sienaVersion":"20221119T110008Z-3.22111.19.0"},"properties":{"appVersion":"2022-11-19T11:00:08Z","lifeCycleId":"Published","createdByClientVersion":{"major":3,"minor":22111,"build":19,"revision":0,"majorRevision":0,"minorRevision":0},"minClientVersion":{"major":3,"minor":22111,"build":19,"revision":0,"majorRevision":0,"minorRevision":0},"backgroundColor":"RGBA(0,176,240,1)","backgroundImageUri":"/9111828885488891852/Nfde6a3de-616e-482c-9f2e-1a8bd13c6608-logoSmallFile","displayName":"HTMLandCSS","description":"","commitMessage":"","appUris":{"documentUri":{"value":"/9111828885488891852/N4d4e9893-c7aa-4a68-97d9-62881537dd1e-document.msapp"},"imageUris":[],"additionalUris":[]},"createdTime":"0001-01-01T00:00:00Z","lastModifiedTime":"0001-01-01T00:00:00Z","sharedGroupsCount":0,"sharedUsersCount":0,"icons":{"smallIconUri":"/9111828885488891852/N9fc51f48-0798-4df9-be61-3e4208e9d923-small.png","mediumIconUri":"/9111828885488891852/N1e0372a1-99d8-48fc-90bf-415aa1495570-medium.png","largeIconUri":"/9111828885488891852/N518f0a55-2e78-44b2-973d-79857d3b0b3c-large.png","wideIconUri":"/9111828885488891852/Nbc4cf7ac-6b70-42ba-b480-dc9ac13278a7-wide.png"},"connectionReferences":{},"databaseReferences":{},"almMode":"Environment","performanceOptimizationEnabled":true,"canConsumeAppPass":true,"enableModernRuntimeMode":false,"executionRestrictions":{"isTeamsOnly":false,"dataLossPreventionEvaluationResult":{"status":"Compliant","lastEvaluationDate":"2022-11-19T10:56:11.5639256Z","violations":[],"violationsByPolicy":[],"violationErrorMessage":"The app uses the following connectors: ."}}},"appType":"ClassicCanvasApp","appComponents":[]}}