{"schemaVersion":"1.0","appDefinitionTemplate":{"id":"/providers/Microsoft.PowerApps/apps/","type":"Microsoft.PowerApps/apps","tags":{"primaryDeviceWidth":"1366","primaryDeviceHeight":"768","sienaVersion":"20220215T144705Z-3.22014.14.0","deviceCapabilities":"","supportsPortrait":"true","supportsLandscape":"true","primaryFormFactor":"Tablet","publisherVersion":"3.22014.14","minimumRequiredApiVersion":"2.2.0","hasComponent":"false","hasUnlockedComponent":"false","isUnifiedRootApp":"false"},"properties":{"appVersion":"2022-02-15T14:47:05Z","lifeCycleId":"Published","createdByClientVersion":{"major":3,"minor":22014,"build":14,"revision":0,"majorRevision":0,"minorRevision":0},"minClientVersion":{"major":3,"minor":22014,"build":14,"revision":0,"majorRevision":0,"minorRevision":0},"backgroundColor":"RGBA(0,176,240,1)","backgroundImageUri":"/17391220049186486533/N1b9ac95e-e0d4-459e-bab6-741a067ebfd7-logoSmallFile","displayName":"PowerappsLearnings_ApprovalForms","description":"","commitMessage":"","appUris":{"documentUri":{"value":"/17391220049186486533/N775e04ad-35ef-4898-9b8a-267fe2d72a39-document.msapp"},"imageUris":[]},"createdTime":"0001-01-01T00:00:00Z","lastModifiedTime":"0001-01-01T00:00:00Z","sharedGroupsCount":0,"sharedUsersCount":0,"icons":{"smallIconUri":"/17391220049186486533/N31e14d6b-fc2f-4d6b-b45c-ce13079ee4d2-small.png","mediumIconUri":"/17391220049186486533/Nca2acbdd-ac31-4252-84e3-2e3915d830f9-medium.png","largeIconUri":"/17391220049186486533/Na2032f13-ac53-43b5-848f-62841169bbf3-large.png","wideIconUri":"/17391220049186486533/N888b0150-3805-48e4-9d70-9b152fcca734-wide.png"},"connectionReferences":{"2b0ccde1-9748-4394-804a-97f8d9882c84":{"id":"c1242cec-53c2-48d3-92c7-80afb4fb4149","displayName":"SharePoint","iconUri":"https://connectoricons-prod.azureedge.net/releases/v1.0.1550/1.0.1550.2686/sharepointonline/icon.png","dataSources":["ApprovalForms"],"dependencies":[],"dependents":["fcf0045a-8e9c-4c03-99eb-51523941c615"],"parameterHints":{},"parameterHintsV2":{},"isOnPremiseConnection":false,"bypassConsent":false,"dataSets":{"https://5ydm6t.sharepoint.com/sites/SharepointLearnings":{"dataSources":{"ApprovalForms":{"tableName":"fe09b871-f2da-4a50-9cb1-2c462ab9607d"}}}},"apiTier":"Standard","isCustomApiConnection":false,"actions":["providers/PowerPlatform.Governance/Operations/Read","providers/PowerPlatform.Governance/Operations/Write"]},"fcf0045a-8e9c-4c03-99eb-51523941c615":{"id":"d10c16d3-6015-4eea-87a0-360c42017203","displayName":"Logic flows","iconUri":"https://connectoricons-prod.azureedge.net/releases/v1.0.1534/1.0.1534.2605/logicflows/icon.png","dataSources":["ApprovalForm"],"dependencies":["2b0ccde1-9748-4394-804a-97f8d9882c84","d1895b8a-bcb2-4208-b9c5-1c170890f789"],"dependents":[],"parameterHints":{"workflowName":{"value":"c895e887-338b-4d4e-af0a-0712d3c80d10"},"workflowEntityId":{},"2b0ccde1-9748-4394-804a-97f8d9882c84":{"value":"shared_sharepointonline"},"d1895b8a-bcb2-4208-b9c5-1c170890f789":{"value":"shared_office365"}},"parameterHintsV2":{"workflowName":{"value":"c895e887-338b-4d4e-af0a-0712d3c80d10"},"workflowEntityId":{},"shared_sharepointonline":{"value":"2b0ccde1-9748-4394-804a-97f8d9882c84"},"shared_office365":{"value":"d1895b8a-bcb2-4208-b9c5-1c170890f789"}},"isOnPremiseConnection":false,"bypassConsent":false,"dataSets":{},"apiTier":"Standard","isCustomApiConnection":false,"actions":["Run"]},"d1895b8a-bcb2-4208-b9c5-1c170890f789":{"id":"9c318254-392a-447d-9401-72004fd40804","displayName":"Office 365 Outlook","iconUri":"https://connectoricons-prod.azureedge.net/releases/v1.0.1538/1.0.1538.2621/office365/icon.png","dataSources":[],"dependencies":[],"dependents":["fcf0045a-8e9c-4c03-99eb-51523941c615"],"parameterHints":{},"parameterHintsV2":{},"isOnPremiseConnection":false,"bypassConsent":false,"dataSets":{},"apiTier":"Standard","isCustomApiConnection":false}},"databaseReferences":{},"almMode":"Environment","performanceOptimizationEnabled":true,"canConsumeAppPass":true,"executionRestrictions":{"isTeamsOnly":false,"dataLossPreventionEvaluationResult":{"status":"Compliant","lastEvaluationDate":"2022-02-15T09:48:24.9638088Z","violations":[],"violationsByPolicy":[],"violationErrorMessage":"The app uses the following connectors: shared_sharepointonline."}}},"appType":"ClassicCanvasApp","appComponents":[]}}