{"schemaVersion":"1.0","appDefinitionTemplate":{"id":"/providers/Microsoft.PowerApps/apps/","type":"Microsoft.PowerApps/apps","tags":{"primaryDeviceWidth":"1366","primaryDeviceHeight":"768","supportsPortrait":"true","supportsLandscape":"true","primaryFormFactor":"Tablet","publisherVersion":"3.22052.27","minimumRequiredApiVersion":"2.2.0","hasComponent":"false","hasUnlockedComponent":"false","isUnifiedRootApp":"false","sienaVersion":"20220531T050915Z-3.22052.27.0"},"properties":{"appVersion":"2022-05-31T05:09:15Z","lifeCycleId":"Published","createdByClientVersion":{"major":3,"minor":22052,"build":27,"revision":0,"majorRevision":0,"minorRevision":0},"minClientVersion":{"major":3,"minor":22052,"build":27,"revision":0,"majorRevision":0,"minorRevision":0},"backgroundColor":"RGBA(0,176,240,1)","backgroundImageUri":"/12458354544975624200/Nbc4b5fcb-e1b8-476e-af22-2bf89b5f7260-logoSmallFile","displayName":"expandcollapsegall","description":"","commitMessage":"","appUris":{"documentUri":{"value":"/12458354544975624200/Nf0043495-232e-4800-8065-00ccd90256dc-document.msapp"},"imageUris":[],"additionalUris":[]},"createdTime":"0001-01-01T00:00:00Z","lastModifiedTime":"0001-01-01T00:00:00Z","sharedGroupsCount":0,"sharedUsersCount":0,"icons":{"smallIconUri":"/12458354544975624200/Nb742d1b3-0cdc-4806-9cd7-eebbf09f6dea-small.png","mediumIconUri":"/12458354544975624200/N049943f8-5035-451c-8fcf-00f1452c4cd1-medium.png","largeIconUri":"/12458354544975624200/N1e1a3780-fce1-4ec3-8fab-fa3c1b13843e-large.png","wideIconUri":"/12458354544975624200/N3e5b9d68-9d9a-431d-9707-f80a9860cdd0-wide.png"},"connectionReferences":{"21011e8b-2d59-4762-a3f8-3cbdb76b5940":{"id":"c1242cec-53c2-48d3-92c7-80afb4fb4149","displayName":"SharePoint","iconUri":"https://connectoricons-prod.azureedge.net/releases/v1.0.1568/1.0.1568.2757/sharepointonline/icon.png","dataSources":["ApprovalForms","GalleryFilterPane"],"dependencies":[],"dependents":[],"parameterHints":{},"parameterHintsV2":{},"isOnPremiseConnection":false,"bypassConsent":false,"dataSets":{"https://5ydm6t.sharepoint.com/sites/SharepointLearnings":{"dataSources":{"ApprovalForms":{"tableName":"fe09b871-f2da-4a50-9cb1-2c462ab9607d"},"GalleryFilterPane":{"tableName":"95aa1e77-cbef-44d5-a0a4-831ed6a55242"}}}},"apiTier":"Standard","isCustomApiConnection":false,"actions":["providers/PowerPlatform.Governance/Operations/Read"]}},"databaseReferences":{},"almMode":"Environment","performanceOptimizationEnabled":true,"canConsumeAppPass":true,"executionRestrictions":{"isTeamsOnly":false,"dataLossPreventionEvaluationResult":{"status":"Compliant","lastEvaluationDate":"2022-05-31T04:40:47.9030346Z","violations":[],"violationsByPolicy":[],"violationErrorMessage":"The app uses the following connectors: shared_sharepointonline."}}},"appType":"ClassicCanvasApp","appComponents":[]}}