{"schemaVersion":"1.0","appDefinitionTemplate":{"id":"/providers/Microsoft.PowerApps/apps/","type":"Microsoft.PowerApps/apps","tags":{"primaryDeviceWidth":"640","primaryDeviceHeight":"1136","sienaVersion":"20220206T134809Z-3.22013.7.0","deviceCapabilities":"","supportsPortrait":"true","supportsLandscape":"true","primaryFormFactor":"Phone","publisherVersion":"3.22013.7","minimumRequiredApiVersion":"2.2.0","hasComponent":"false","hasUnlockedComponent":"false","isUnifiedRootApp":"false"},"properties":{"appVersion":"2022-02-06T13:48:09Z","lifeCycleId":"Published","createdByClientVersion":{"major":3,"minor":22013,"build":7,"revision":0,"majorRevision":0,"minorRevision":0},"minClientVersion":{"major":3,"minor":22013,"build":7,"revision":0,"majorRevision":0,"minorRevision":0},"backgroundColor":"RGBA(0,176,240,1)","backgroundImageUri":"/4538391020720826314/N0695797b-34e3-44bd-8520-577909b0115d-logoSmallFile","displayName":"PowerappLearnings_CascadingDropdown","description":"","commitMessage":"","appUris":{"documentUri":{"value":"/4538391020720826314/N3372be04-f55d-46a1-950e-ed319be8eabe-document.msapp"},"imageUris":[],"additionalUris":[]},"createdTime":"0001-01-01T00:00:00Z","lastModifiedTime":"0001-01-01T00:00:00Z","sharedGroupsCount":0,"sharedUsersCount":0,"icons":{"smallIconUri":"/4538391020720826314/Nb64a89bf-756e-47ec-85eb-f8b1cf20f5be-small.png","mediumIconUri":"/4538391020720826314/N4c602b9c-e202-4747-b51e-a0bc0c4ad376-medium.png","largeIconUri":"/4538391020720826314/N13e35edc-f732-4a86-8c23-fc3f82203968-large.png","wideIconUri":"/4538391020720826314/N3846f8e6-233f-4fe3-a6a1-3af80376618e-wide.png"},"connectionReferences":{"67baad25-1565-46b4-bf1b-71fcd3e8ad86":{"id":"c1242cec-53c2-48d3-92c7-80afb4fb4149","displayName":"SharePoint","iconUri":"https://connectoricons-prod.azureedge.net/releases/v1.0.1546/1.0.1546.2667/sharepointonline/icon.png","dataSources":["Cascading_Dropdowns_Patch","Cascading_Dropdowns_1"],"dependencies":[],"dependents":[],"parameterHints":{},"parameterHintsV2":{},"isOnPremiseConnection":false,"bypassConsent":false,"dataSets":{"https://5ydm6t.sharepoint.com/sites/SharepointLearnings":{"dataSources":{"Cascading_Dropdowns_Patch":{"tableName":"a0b5051e-fd32-4200-a757-b4f61af38e98"},"Cascading_Dropdowns_1":{"tableName":"e70cebd6-7eca-4fa5-9718-9189bd562e02"}}}},"apiTier":"Standard","isCustomApiConnection":false,"actions":["providers/PowerPlatform.Governance/Operations/Read"]}},"databaseReferences":{},"almMode":"Environment","performanceOptimizationEnabled":true,"canConsumeAppPass":true,"executionRestrictions":{"isTeamsOnly":false,"dataLossPreventionEvaluationResult":{"status":"Compliant","lastEvaluationDate":"2022-02-06T12:57:18.66462Z","violations":[],"violationsByPolicy":[],"violationErrorMessage":"The app uses the following connectors: shared_sharepointonline."}}},"appType":"ClassicCanvasApp","appComponents":[]}}