{"schemaVersion":"1.0","appDefinitionTemplate":{"id":"/providers/Microsoft.PowerApps/apps/","type":"Microsoft.PowerApps/apps","tags":{"primaryDeviceWidth":"1365","primaryDeviceHeight":"554","sienaVersion":"20220307T032509Z-3.22022.31.0","deviceCapabilities":"","supportsPortrait":"true","supportsLandscape":"true","primaryFormFactor":"Tablet","publisherVersion":"3.22022.31","minimumRequiredApiVersion":"2.2.0","hasComponent":"false","hasUnlockedComponent":"false","isUnifiedRootApp":"false"},"properties":{"appVersion":"2022-03-07T03:25:09Z","lifeCycleId":"Published","createdByClientVersion":{"major":3,"minor":22022,"build":31,"revision":0,"majorRevision":0,"minorRevision":0},"minClientVersion":{"major":3,"minor":22022,"build":31,"revision":0,"majorRevision":0,"minorRevision":0},"backgroundColor":"RGBA(0,176,240,1)","backgroundImageUri":"/5924796314797991891/N455ca693-be8b-444c-8eec-2d1ba8653f69-logoSmallFile","displayName":"PowerappLearnings_ResponsiveApp","description":"","commitMessage":"","appUris":{"documentUri":{"value":"/5924796314797991891/N61652be4-d0c1-485c-8384-b8e498c86111-document.msapp"},"imageUris":[],"additionalUris":[]},"createdTime":"0001-01-01T00:00:00Z","lastModifiedTime":"0001-01-01T00:00:00Z","sharedGroupsCount":0,"sharedUsersCount":0,"icons":{"smallIconUri":"/5924796314797991891/N322b9777-3314-4607-a512-3cb5c4a17229-small.png","mediumIconUri":"/5924796314797991891/Ne4bd484e-0e4e-4f0b-a8ef-a6e1432c40fc-medium.png","largeIconUri":"/5924796314797991891/N5e1fb513-003b-47f7-a4ae-6ce789d01c27-large.png","wideIconUri":"/5924796314797991891/N0895918b-1403-4afe-b809-1ea1ea2ff99d-wide.png"},"connectionReferences":{"77c1fe26-d0bd-489d-bdd2-b325a6fe3edc":{"id":"c1242cec-53c2-48d3-92c7-80afb4fb4149","displayName":"SharePoint","iconUri":"https://connectoricons-prod.azureedge.net/releases/v1.0.1554/1.0.1554.2707/sharepointonline/icon.png","dataSources":["GalleryFilterPane"],"dependencies":[],"dependents":[],"parameterHints":{},"parameterHintsV2":{},"isOnPremiseConnection":false,"bypassConsent":false,"dataSets":{"https://5ydm6t.sharepoint.com/sites/SharepointLearnings":{"dataSources":{"GalleryFilterPane":{"tableName":"95aa1e77-cbef-44d5-a0a4-831ed6a55242"}}}},"apiTier":"Standard","isCustomApiConnection":false,"actions":["providers/PowerPlatform.Governance/Operations/Read"]}},"databaseReferences":{},"almMode":"Environment","performanceOptimizationEnabled":true,"canConsumeAppPass":true,"executionRestrictions":{"isTeamsOnly":false,"dataLossPreventionEvaluationResult":{"status":"Compliant","lastEvaluationDate":"2022-01-30T11:53:04.4761448Z","violations":[],"violationsByPolicy":[],"violationErrorMessage":"The app uses the following connectors: ."}}},"appType":"ClassicCanvasApp","appComponents":[]}}