{"schemaVersion":"1.0","appDefinitionTemplate":{"id":"/providers/Microsoft.PowerApps/apps/","type":"Microsoft.PowerApps/apps","tags":{"primaryDeviceWidth":"1366","primaryDeviceHeight":"768","sienaVersion":"20220215T083617Z-3.22014.14.0","deviceCapabilities":"","supportsPortrait":"true","supportsLandscape":"true","primaryFormFactor":"Tablet","publisherVersion":"3.22014.14","minimumRequiredApiVersion":"2.2.0","hasComponent":"false","hasUnlockedComponent":"false","isUnifiedRootApp":"false"},"properties":{"appVersion":"2022-02-15T08:36:17Z","lifeCycleId":"Published","createdByClientVersion":{"major":3,"minor":22014,"build":14,"revision":0,"majorRevision":0,"minorRevision":0},"minClientVersion":{"major":3,"minor":22014,"build":14,"revision":0,"majorRevision":0,"minorRevision":0},"backgroundColor":"RGBA(0,176,240,1)","backgroundImageUri":"/11992480350863544512/N8d25cd1d-aa90-46a2-9130-154d511c75d1-logoSmallFile","displayName":"PowerappsLearnings_Formcontrol","description":"","commitMessage":"","appUris":{"documentUri":{"value":"/11992480350863544512/Nad487467-024a-4a81-826d-f10a954849f9-document.msapp"},"imageUris":[]},"createdTime":"0001-01-01T00:00:00Z","lastModifiedTime":"0001-01-01T00:00:00Z","sharedGroupsCount":0,"sharedUsersCount":0,"icons":{"smallIconUri":"/11992480350863544512/Ndab93d7b-68a6-42f9-baf5-aca05bb99fb3-small.png","mediumIconUri":"/11992480350863544512/Nd0d5f332-62ed-4142-a55a-eadd92f8b64d-medium.png","largeIconUri":"/11992480350863544512/Nac5b6daf-30c4-4e7c-8a44-bd7e4bf9c621-large.png","wideIconUri":"/11992480350863544512/Nf66e7940-0ece-4bee-bdf7-d1d6d21d083a-wide.png"},"connectionReferences":{"bf7a8f0a-385d-410a-ae9c-3a881bc82de3":{"id":"c1242cec-53c2-48d3-92c7-80afb4fb4149","displayName":"SharePoint","iconUri":"https://connectoricons-prod.azureedge.net/releases/v1.0.1550/1.0.1550.2686/sharepointonline/icon.png","dataSources":["FormControl"],"dependencies":[],"dependents":[],"parameterHints":{},"parameterHintsV2":{},"isOnPremiseConnection":false,"bypassConsent":false,"dataSets":{"https://5ydm6t.sharepoint.com/sites/SharepointLearnings":{"dataSources":{"FormControl":{"tableName":"60e8af53-a31a-4f2b-85b8-c1fdadf669b0"}}}},"apiTier":"Standard","isCustomApiConnection":false,"actions":["providers/PowerPlatform.Governance/Operations/Read","providers/PowerPlatform.Governance/Operations/Write"]}},"databaseReferences":{},"almMode":"Environment","performanceOptimizationEnabled":true,"canConsumeAppPass":true,"executionRestrictions":{"isTeamsOnly":false,"dataLossPreventionEvaluationResult":{"status":"Compliant","lastEvaluationDate":"2022-02-09T09:37:10.2259996Z","violations":[],"violationsByPolicy":[],"violationErrorMessage":"The app uses the following connectors: shared_sharepointonline."}}},"appType":"ClassicCanvasApp","appComponents":[]}}