{"schemaVersion":"1.0","appDefinitionTemplate":{"id":"/providers/Microsoft.PowerApps/apps/","type":"Microsoft.PowerApps/apps","tags":{"primaryDeviceWidth":"1366","primaryDeviceHeight":"768","supportsPortrait":"true","supportsLandscape":"true","primaryFormFactor":"Tablet","publisherVersion":"3.22111.19","minimumRequiredApiVersion":"2.2.0","hasComponent":"false","hasUnlockedComponent":"false","isUnifiedRootApp":"false","sienaVersion":"20221118T035616Z-3.22111.19.0"},"properties":{"appVersion":"2022-11-18T03:56:16Z","lifeCycleId":"Published","createdByClientVersion":{"major":3,"minor":22111,"build":19,"revision":0,"majorRevision":0,"minorRevision":0},"minClientVersion":{"major":3,"minor":22111,"build":19,"revision":0,"majorRevision":0,"minorRevision":0},"backgroundColor":"RGBA(0,176,240,1)","backgroundImageUri":"/16768206681508684132/N7fc2a761-9df7-4d91-800e-483f6fec9f02-logoSmallFile","displayName":"testform","description":"","commitMessage":"","appUris":{"documentUri":{"value":"/16768206681508684132/N8d3d8892-ebf7-4d2d-9c62-2315399a9dbc-document.msapp"},"imageUris":[],"additionalUris":[]},"createdTime":"0001-01-01T00:00:00Z","lastModifiedTime":"0001-01-01T00:00:00Z","sharedGroupsCount":0,"sharedUsersCount":0,"icons":{"smallIconUri":"/16768206681508684132/N97d06c3c-3ca9-416a-8e59-12a00e89f0ae-small.png","mediumIconUri":"/16768206681508684132/Nb352ef01-9dcd-4442-8878-14f131752beb-medium.png","largeIconUri":"/16768206681508684132/N8b1b5e45-e1f7-4bc2-b4a8-92831fd8ca0f-large.png","wideIconUri":"/16768206681508684132/Nf77bb659-25c6-44de-8481-bae6e243455c-wide.png"},"connectionReferences":{"5ad93a9e-b192-49d8-ba51-577a4503fdf4":{"id":"c1242cec-53c2-48d3-92c7-80afb4fb4149","displayName":"SharePoint","iconUri":"https://connectoricons-prod.azureedge.net/releases/v1.0.1610-greyhound-localization-RelayFix/1.0.1610.3091/sharepointonline/icon.png","dataSources":["test"],"dependencies":[],"dependents":[],"parameterHints":{},"parameterHintsV2":{},"isOnPremiseConnection":false,"dataSets":{"https://5ydm6t.sharepoint.com/sites/SharepointLearnings":{"dataSources":{"test":{"tableName":"3e05fb13-365c-4858-afbe-fbb46ed1c47a"}}}},"apiTier":"Standard","isCustomApiConnection":false,"actions":["providers/PowerPlatform.Governance/Operations/Read","providers/PowerPlatform.Governance/Operations/Write"]}},"databaseReferences":{},"almMode":"Environment","performanceOptimizationEnabled":true,"canConsumeAppPass":true,"enableModernRuntimeMode":false,"executionRestrictions":{"isTeamsOnly":false,"dataLossPreventionEvaluationResult":{"status":"Compliant","lastEvaluationDate":"2022-11-18T03:56:18.7324564Z","violations":[],"violationsByPolicy":[],"violationErrorMessage":"The app uses the following connectors: shared_sharepointonline."}}},"appType":"ClassicCanvasApp","appComponents":[]}}