{"name":"c6f4e82f-9d2b-431e-96e9-6dfb14a7f311","id":"/providers/Microsoft.Flow/flows/c6f4e82f-9d2b-431e-96e9-6dfb14a7f311","type":"Microsoft.Flow/flows","properties":{"apiId":"/providers/Microsoft.PowerApps/apis/shared_logicflows","displayName":"ApprovalForm","definition":{"metadata":{"workflowEntityId":null,"processAdvisorMetadata":null,"flowclientsuspensionreason":"None","flowclientsuspensiontime":null,"creator":{"id":"7a887fc1-b4c0-49d6-8d62-7e887fa30937","type":"User","tenantId":"e4168de5-c793-44d7-b204-0662c8127841"},"provisioningMethod":"FromDefinition","failureAlertSubscription":true,"clientLastModifiedTime":"2022-02-15T12:50:06.4902824Z"},"$schema":"https://schema.management.azure.com/providers/Microsoft.Logic/schemas/2016-06-01/workflowdefinition.json#","contentVersion":"1.0.0.0","parameters":{"$connections":{"defaultValue":{},"type":"Object"},"$authentication":{"defaultValue":{},"type":"SecureObject"}},"triggers":{"manual":{"metadata":{"operationMetadataId":"83fe1d6a-7cbc-4915-840f-f5d590800822"},"type":"Request","kind":"PowerAppV2","inputs":{"schema":{"type":"object","properties":{"number":{"title":"ItemID","type":"number","x-ms-dynamically-added":true,"description":"Please enter a number","x-ms-content-hint":"NUMBER"}},"required":["number"]}}}},"actions":{"Apply_to_each_2":{"foreach":"@outputs('Get_item')?['body/ID']","actions":{"Send_an_email_(V2)":{"runAfter":{},"metadata":{"operationMetadataId":"90c1279f-6089-482a-be9b-a3fa4fe8e0b8"},"type":"OpenApiConnection","inputs":{"host":{"apiId":"/providers/Microsoft.PowerApps/apis/shared_office365","connectionName":"shared_office365","operationId":"SendEmailV2"},"parameters":{"emailMessage/To":"admin@5ydm6t.onmicrosoft.com","emailMessage/Subject":"New ticket assigned @{items('Apply_to_each_2')?['Title']}","emailMessage/Body":"<p>@{items('Apply_to_each_2')?['Description']}<br>\n@{items('Apply_to_each_2')?['Department']}<br>\n@{items('Apply_to_each_2')?['RequestType']}<br>\n@{items('Apply_to_each_2')?['Priority']}<br>\n<br>\n<a href=\"https://apps.powerapps.com/play/fb1d6770-4abe-4a67-a98d-011a654a2a64?tenantId=e4168de5-c793-44d7-b204-0662c8127841&ID=@{items('Apply_to_each_2')?['ID']}\">Take Action </a>\n<br>\n</p>"},"authentication":{"value":"@json(decodeBase64(triggerOutputs().headers['X-MS-APIM-Tokens']))['$ConnectionKey']","type":"Raw"}}}},"runAfter":{"Send_an_email_(V2)_2":["Succeeded"]},"metadata":{"operationMetadataId":"41e9bc11-2596-44bc-9f0a-49149ed90213"},"type":"Foreach"},"Get_item":{"runAfter":{},"metadata":{"operationMetadataId":"8fe47bc9-c8d7-4444-bf67-a85b49a926b3"},"type":"OpenApiConnection","inputs":{"host":{"apiId":"/providers/Microsoft.PowerApps/apis/shared_sharepointonline","connectionName":"shared_sharepointonline","operationId":"GetItem"},"parameters":{"dataset":"https://5ydm6t.sharepoint.com/sites/SharepointLearnings","table":"fe09b871-f2da-4a50-9cb1-2c462ab9607d","id":"@triggerBody()['number']"},"authentication":{"value":"@json(decodeBase64(triggerOutputs().headers['X-MS-APIM-Tokens']))['$ConnectionKey']","type":"Raw"}}},"Update_item_2":{"runAfter":{"Get_item":["Succeeded"]},"metadata":{"operationMetadataId":"8e68987b-25ae-4526-805a-3b669edc2553"},"type":"OpenApiConnection","inputs":{"host":{"apiId":"/providers/Microsoft.PowerApps/apis/shared_sharepointonline","connectionName":"shared_sharepointonline","operationId":"PatchItem"},"parameters":{"dataset":"https://5ydm6t.sharepoint.com/sites/SharepointLearnings","table":"fe09b871-f2da-4a50-9cb1-2c462ab9607d","id":"@triggerBody()['number']","item/Title":"@outputs('Get_item')?['body/Title']","item/Status/Value":"Pending","item/AssignTo":"admin@5ydm6t.onmicrosoft.com"},"authentication":{"value":"@json(decodeBase64(triggerOutputs().headers['X-MS-APIM-Tokens']))['$ConnectionKey']","type":"Raw"}}},"Send_an_email_(V2)_2":{"runAfter":{"Update_item_2":["Succeeded"]},"metadata":{"operationMetadataId":"516d4af1-15e7-43ba-aeea-ef620980d8c8"},"type":"OpenApiConnection","inputs":{"host":{"apiId":"/providers/Microsoft.PowerApps/apis/shared_office365","connectionName":"shared_office365","operationId":"SendEmailV2"},"parameters":{"emailMessage/To":"admin@5ydm6t.onmicrosoft.com","emailMessage/Subject":"New Ticket Assigned @{outputs('Update_item_2')?['body/Title']}","emailMessage/Body":"<p>@{outputs('Update_item_2')?['body/Description']}<br>\n@{outputs('Update_item_2')?['body/Department']}<br>\n@{outputs('Update_item_2')?['body/RequestType']}<br>\n\n<br>\n<a href=\"https://apps.powerapps.com/play/fb1d6770-4abe-4a67-a98d-011a654a2a64?tenantId=e4168de5-c793-44d7-b204-0662c8127841&ID=@{outputs('Update_item_2')?['body/ID']}\">Take Action </a>\n</p>"},"authentication":{"value":"@json(decodeBase64(triggerOutputs().headers['X-MS-APIM-Tokens']))['$ConnectionKey']","type":"Raw"}}}},"outputs":{},"description":"Create one or more actions to happen when a button or link in Power Apps is selected. To use this flow from a Power App, select the control you want to trigger the flow and go to the Action tab in the Power Apps ribbon and select Flows."},"connectionReferences":{"shared_office365":{"connectionName":"shared-office365-45992cff-29e5-402f-afa2-58a6641a1c64","source":"Invoker","id":"/providers/Microsoft.PowerApps/apis/shared_office365","tier":"NotSpecified"},"shared_sharepointonline":{"connectionName":"b5c6e3ddc70740149a7027786b567d51","source":"Invoker","id":"/providers/Microsoft.PowerApps/apis/shared_sharepointonline","tier":"NotSpecified"}},"flowFailureAlertSubscribed":false}}