{"schemaVersion":"1.0","appDefinitionTemplate":{"id":"/providers/Microsoft.PowerApps/apps/","type":"Microsoft.PowerApps/apps","tags":{"primaryDeviceWidth":"1366","primaryDeviceHeight":"768","supportsPortrait":"true","supportsLandscape":"true","primaryFormFactor":"Tablet","publisherVersion":"3.22091.27","minimumRequiredApiVersion":"2.2.0","hasComponent":"false","hasUnlockedComponent":"false","isUnifiedRootApp":"false","sienaVersion":"20221010T051332Z-3.22091.27.0"},"properties":{"appVersion":"2022-10-10T05:13:32Z","lifeCycleId":"Published","createdByClientVersion":{"major":3,"minor":22091,"build":27,"revision":0,"majorRevision":0,"minorRevision":0},"minClientVersion":{"major":3,"minor":22091,"build":27,"revision":0,"majorRevision":0,"minorRevision":0},"backgroundColor":"RGBA(0,176,240,1)","backgroundImageUri":"/5737163737514136422/N50abbef8-2888-4914-a8ec-2fa0f06bd81b-logoSmallFile","displayName":"BingMap","description":"","commitMessage":"","appUris":{"documentUri":{"value":"/5737163737514136422/Nee6dab6d-7d65-4bc0-bed0-8e98860d1c2e-document.msapp"},"imageUris":[],"additionalUris":[]},"createdTime":"0001-01-01T00:00:00Z","lastModifiedTime":"0001-01-01T00:00:00Z","sharedGroupsCount":0,"sharedUsersCount":0,"icons":{"smallIconUri":"/5737163737514136422/Nf1feb251-8346-4ae9-bc88-8d574eb6488d-small.png","mediumIconUri":"/5737163737514136422/Na0bee4ef-f4da-4f45-a11b-430f5da170aa-medium.png","largeIconUri":"/5737163737514136422/N16cbdfb4-51fa-4886-969c-e5533c1eb3f8-large.png","wideIconUri":"/5737163737514136422/N2b918893-92c7-4226-b046-4d2e50322706-wide.png"},"connectionReferences":{"5175cff8-d06c-4640-87c7-3d1379d4e0b5":{"id":"855b6f24-0105-4af3-a5dc-376834220884","displayName":"Bing Maps","iconUri":"https://connectoricons-prod.azureedge.net/releases/v1.0.1567/1.0.1567.2748/bingmaps/icon.png","dataSources":["BingMaps"],"dependencies":[],"dependents":[],"parameterHints":{},"parameterHintsV2":{},"isOnPremiseConnection":false,"sharedConnectionId":"e3f0fe06-c477-4e4b-8870-d16b8c114063","bypassConsent":false,"dataSets":{},"apiTier":"Standard","isCustomApiConnection":false,"actions":["GetMap","GetLocationByAddress"]}},"databaseReferences":{},"almMode":"Environment","performanceOptimizationEnabled":true,"canConsumeAppPass":true,"enableModernRuntimeMode":false,"executionRestrictions":{"isTeamsOnly":false,"dataLossPreventionEvaluationResult":{"status":"Compliant","lastEvaluationDate":"2022-10-10T03:58:15.0489637Z","violations":[],"violationsByPolicy":[],"violationErrorMessage":"The app uses the following connectors: ."}}},"appType":"ClassicCanvasApp","appComponents":[]}}