{"schemaVersion":"1.0","appDefinitionTemplate":{"id":"/providers/Microsoft.PowerApps/apps/","type":"Microsoft.PowerApps/apps","tags":{"primaryDeviceWidth":"1366","primaryDeviceHeight":"768","sienaVersion":"20220207T122524Z-3.22013.7.0","deviceCapabilities":"","supportsPortrait":"true","supportsLandscape":"true","primaryFormFactor":"Tablet","publisherVersion":"3.22013.7","minimumRequiredApiVersion":"2.2.0","hasComponent":"false","hasUnlockedComponent":"false","isUnifiedRootApp":"false"},"properties":{"appVersion":"2022-02-07T12:25:24Z","lifeCycleId":"Published","createdByClientVersion":{"major":3,"minor":22013,"build":7,"revision":0,"majorRevision":0,"minorRevision":0},"minClientVersion":{"major":3,"minor":22013,"build":7,"revision":0,"majorRevision":0,"minorRevision":0},"backgroundColor":"RGBA(0,176,240,1)","backgroundImageUri":"/14963435739244933233/N23cedcaa-3b3d-4aa5-8959-c292f0072cd3-logoSmallFile","displayName":"OPB_Attachmentcontrols","description":"","commitMessage":"","appUris":{"documentUri":{"value":"/14963435739244933233/N026feb53-b4c1-4bd1-8acc-fea947f67d0b-document.msapp"},"imageUris":[]},"createdTime":"0001-01-01T00:00:00Z","lastModifiedTime":"0001-01-01T00:00:00Z","sharedGroupsCount":0,"sharedUsersCount":0,"icons":{"smallIconUri":"/14963435739244933233/Ncd8c158c-316c-434c-8cb8-62c192af6af9-small.png","mediumIconUri":"/14963435739244933233/Nabdddf5a-e409-40e3-bce9-83b6de5c6418-medium.png","largeIconUri":"/14963435739244933233/Nd3cfcb84-9986-4bc6-bff5-74f0bf5f2d88-large.png","wideIconUri":"/14963435739244933233/Nef4d2675-8ec4-41cd-a88d-b02a91606d7e-wide.png"},"connectionReferences":{"33cdd079-4c47-42b5-81c7-ed652cd56fce":{"id":"c1242cec-53c2-48d3-92c7-80afb4fb4149","displayName":"SharePoint","iconUri":"https://connectoricons-prod.azureedge.net/releases/v1.0.1546/1.0.1546.2667/sharepointonline/icon.png","dataSources":["AttachmentControl"],"dependencies":[],"dependents":[],"parameterHints":{},"parameterHintsV2":{},"isOnPremiseConnection":false,"dataSets":{"https://5ydm6t.sharepoint.com/sites/SharepointLearnings":{"dataSources":{"AttachmentControl":{"tableName":"e255b06c-bc48-4702-8928-c96d3abb7884"}}}},"apiTier":"Standard","isCustomApiConnection":false,"actions":["providers/PowerPlatform.Governance/Operations/Read","providers/PowerPlatform.Governance/Operations/Write"]}},"databaseReferences":{},"almMode":"Environment","performanceOptimizationEnabled":true,"canConsumeAppPass":true,"executionRestrictions":{"isTeamsOnly":false,"dataLossPreventionEvaluationResult":{"status":"Compliant","lastEvaluationDate":"2022-02-07T12:25:39.5840004Z","violations":[],"violationsByPolicy":[],"violationErrorMessage":"The app uses the following connectors: shared_sharepointonline."}}},"appType":"ClassicCanvasApp","appComponents":[]}}