{"schemaVersion":"1.0","appDefinitionTemplate":{"id":"/providers/Microsoft.PowerApps/apps/","type":"Microsoft.PowerApps/apps","tags":{"primaryDeviceWidth":"1366","primaryDeviceHeight":"768","sienaVersion":"20220207T122524Z-3.22013.7.0","deviceCapabilities":"","supportsPortrait":"true","supportsLandscape":"true","primaryFormFactor":"Tablet","publisherVersion":"3.22013.7","minimumRequiredApiVersion":"2.2.0","hasComponent":"false","hasUnlockedComponent":"false","isUnifiedRootApp":"false"},"properties":{"appVersion":"2022-02-07T12:25:24Z","lifeCycleId":"Published","createdByClientVersion":{"major":3,"minor":22013,"build":7,"revision":0,"majorRevision":0,"minorRevision":0},"minClientVersion":{"major":3,"minor":22013,"build":7,"revision":0,"majorRevision":0,"minorRevision":0},"backgroundColor":"RGBA(0,176,240,1)","backgroundImageUri":"/14963435739244933233/Nfbeab87c-8d4c-47f1-b9f7-965a22181ff4-logoSmallFile","displayName":"OPB_Attachmentcontrols","description":"","commitMessage":"","appUris":{"documentUri":{"value":"/14963435739244933233/Na9844605-f6d1-4328-b573-dcb91edef0e5-document.msapp"},"imageUris":[]},"createdTime":"0001-01-01T00:00:00Z","lastModifiedTime":"0001-01-01T00:00:00Z","sharedGroupsCount":0,"sharedUsersCount":0,"icons":{"smallIconUri":"/14963435739244933233/Nd3daead3-43e1-4b65-a00b-ba836deed138-small.png","mediumIconUri":"/14963435739244933233/N16c64df9-7f26-4b88-bfce-f3106a7eeb93-medium.png","largeIconUri":"/14963435739244933233/Nb7414174-bfc0-4aef-ab25-2765093be5c5-large.png","wideIconUri":"/14963435739244933233/Nc0d20409-e85e-4186-bebb-823e4bc4daf3-wide.png"},"connectionReferences":{"33cdd079-4c47-42b5-81c7-ed652cd56fce":{"id":"c1242cec-53c2-48d3-92c7-80afb4fb4149","displayName":"SharePoint","iconUri":"https://connectoricons-prod.azureedge.net/releases/v1.0.1546/1.0.1546.2667/sharepointonline/icon.png","dataSources":["AttachmentControl"],"dependencies":[],"dependents":[],"parameterHints":{},"parameterHintsV2":{},"isOnPremiseConnection":false,"dataSets":{"https://5ydm6t.sharepoint.com/sites/SharepointLearnings":{"dataSources":{"AttachmentControl":{"tableName":"e255b06c-bc48-4702-8928-c96d3abb7884"}}}},"apiTier":"Standard","isCustomApiConnection":false,"actions":["providers/PowerPlatform.Governance/Operations/Read","providers/PowerPlatform.Governance/Operations/Write"]}},"databaseReferences":{},"almMode":"Environment","performanceOptimizationEnabled":true,"canConsumeAppPass":true,"executionRestrictions":{"isTeamsOnly":false,"dataLossPreventionEvaluationResult":{"status":"Compliant","lastEvaluationDate":"2022-02-07T12:25:39.5840004Z","violations":[],"violationsByPolicy":[],"violationErrorMessage":"The app uses the following connectors: shared_sharepointonline."}}},"appType":"ClassicCanvasApp","appComponents":[]}}