{"schemaVersion":"1.0","appDefinitionTemplate":{"id":"/providers/Microsoft.PowerApps/apps/","type":"Microsoft.PowerApps/apps","tags":{"primaryDeviceWidth":"1365","primaryDeviceHeight":"554","sienaVersion":"20220307T032509Z-3.22022.31.0","deviceCapabilities":"","supportsPortrait":"true","supportsLandscape":"true","primaryFormFactor":"Tablet","publisherVersion":"3.22022.31","minimumRequiredApiVersion":"2.2.0","hasComponent":"false","hasUnlockedComponent":"false","isUnifiedRootApp":"false"},"properties":{"appVersion":"2022-03-07T03:25:09Z","lifeCycleId":"Published","createdByClientVersion":{"major":3,"minor":22022,"build":31,"revision":0,"majorRevision":0,"minorRevision":0},"minClientVersion":{"major":3,"minor":22022,"build":31,"revision":0,"majorRevision":0,"minorRevision":0},"backgroundColor":"RGBA(0,176,240,1)","backgroundImageUri":"/5924796314797991891/N11f9c3b5-7d86-41ab-b00d-46176f170489-logoSmallFile","displayName":"PowerappLearnings_ResponsiveApp","description":"","commitMessage":"","appUris":{"documentUri":{"value":"/5924796314797991891/N8fb42128-c884-43ad-80a1-9e78146c076e-document.msapp"},"imageUris":[]},"createdTime":"0001-01-01T00:00:00Z","lastModifiedTime":"0001-01-01T00:00:00Z","sharedGroupsCount":0,"sharedUsersCount":0,"icons":{"smallIconUri":"/5924796314797991891/N9e3c9c91-552f-4c2e-80b6-a1968dcbe798-small.png","mediumIconUri":"/5924796314797991891/N2ce7294e-32fc-41fd-b502-4f2929a4124e-medium.png","largeIconUri":"/5924796314797991891/Nb1552994-7c5b-4b9a-b5bb-a656be1bb91a-large.png","wideIconUri":"/5924796314797991891/Nfc09f8c9-e092-4331-8ba8-9178b8d4e89b-wide.png"},"connectionReferences":{"77c1fe26-d0bd-489d-bdd2-b325a6fe3edc":{"id":"c1242cec-53c2-48d3-92c7-80afb4fb4149","displayName":"SharePoint","iconUri":"https://connectoricons-prod.azureedge.net/releases/v1.0.1554/1.0.1554.2707/sharepointonline/icon.png","dataSources":["GalleryFilterPane"],"dependencies":[],"dependents":[],"parameterHints":{},"parameterHintsV2":{},"isOnPremiseConnection":false,"bypassConsent":false,"dataSets":{"https://5ydm6t.sharepoint.com/sites/SharepointLearnings":{"dataSources":{"GalleryFilterPane":{"tableName":"95aa1e77-cbef-44d5-a0a4-831ed6a55242"}}}},"apiTier":"Standard","isCustomApiConnection":false,"actions":["providers/PowerPlatform.Governance/Operations/Read"]}},"databaseReferences":{},"almMode":"Environment","performanceOptimizationEnabled":true,"canConsumeAppPass":true,"executionRestrictions":{"isTeamsOnly":false,"dataLossPreventionEvaluationResult":{"status":"Compliant","lastEvaluationDate":"2022-01-30T11:53:04.4761448Z","violations":[],"violationsByPolicy":[],"violationErrorMessage":"The app uses the following connectors: ."}}},"appType":"ClassicCanvasApp","appComponents":[]}}