{"name":"7fcbb762-9969-4167-86a9-2b1ed6f5d2fe","id":"/providers/Microsoft.Flow/flows/7fcbb762-9969-4167-86a9-2b1ed6f5d2fe","type":"Microsoft.Flow/flows","properties":{"apiId":"/providers/Microsoft.PowerApps/apis/shared_logicflows","displayName":"PowerApps - Send Files With Metadata To SharePoint","definition":{"metadata":{"workflowEntityId":null,"processAdvisorMetadata":null,"flowclientsuspensionreason":"None","flowclientsuspensiontime":null,"creator":{"id":"7a887fc1-b4c0-49d6-8d62-7e887fa30937","type":"User","tenantId":"e4168de5-c793-44d7-b204-0662c8127841"},"provisioningMethod":"FromDefinition","failureAlertSubscription":true,"clientLastModifiedTime":"2022-03-08T13:03:19.6105681Z","flowclientsuspensionreasondetails":null},"$schema":"https://schema.management.azure.com/providers/Microsoft.Logic/schemas/2016-06-01/workflowdefinition.json#","contentVersion":"1.0.0.0","parameters":{"$connections":{"defaultValue":{},"type":"Object"},"$authentication":{"defaultValue":{},"type":"SecureObject"}},"triggers":{"manual":{"metadata":{"operationMetadataId":"b875797c-39d5-48d0-8e69-d483ce52aebb"},"type":"Request","kind":"PowerApp","inputs":{"schema":{"type":"object","properties":{"Metadata_Value":{"type":"string","description":"Enter initial value","x-ms-powerflows-param-ispartial":false}},"required":["Metadata_Value"]}}}},"actions":{"Metadata":{"runAfter":{"Is_Process_Successful":["Succeeded"]},"metadata":{"operationMetadataId":"4c7052f6-be18-4f7a-8941-8c6d50781a26"},"type":"InitializeVariable","inputs":{"variables":[{"name":"varMetadata","type":"string","value":"@{triggerBody()['Metadata_Value']}"}]}},"JSONMetadata":{"runAfter":{"Metadata":["Succeeded"]},"metadata":{"operationMetadataId":"b94a25c3-feef-442c-b867-5a3e5b5c5a12"},"type":"Compose","inputs":"@json(variables('varMetadata'))"},"Scope":{"actions":{"Apply_to_each_and_send_to_SharePoint_List":{"foreach":"@outputs('JSONMetadata')","actions":{"Create_item":{"runAfter":{},"metadata":{"flowSystemMetadata":{"swaggerOperationId":"PostItem"},"operationMetadataId":"c9669e93-3ca2-4f59-9a4c-1f3c7ff66251"},"type":"ApiConnection","inputs":{"host":{"connection":{"name":"@json(decodeBase64(triggerOutputs().headers['X-MS-APIM-Tokens']))['$connections']['shared_sharepointonline']['connectionId']"},"api":{"runtimeUrl":"https://flow-apim-unitedstates-002-eastus-01.azure-apim.net/apim/sharepointonline"}},"method":"post","body":{"Title":"@{item()?['Title']}","Description":"@{item()?['Desc']}","Date":"@{item()?['Date']}"},"path":"/datasets/@{encodeURIComponent(encodeURIComponent('https://rdorrani.sharepoint.com/sites/archivehome'))}/tables/@{encodeURIComponent(encodeURIComponent('f3a07162-470c-413b-890c-0f0c2e254efa'))}/items","authentication":{"type":"Raw","value":"@json(decodeBase64(triggerOutputs().headers['X-MS-APIM-Tokens']))['$ConnectionKey']"}}},"Add_attachment":{"runAfter":{"Create_item":["Succeeded"]},"metadata":{"flowSystemMetadata":{"swaggerOperationId":"CreateAttachment"},"operationMetadataId":"13c0c2d7-86c2-4ef4-a2d6-de64b5676d65"},"type":"ApiConnection","inputs":{"host":{"connection":{"name":"@json(decodeBase64(triggerOutputs().headers['X-MS-APIM-Tokens']))['$connections']['shared_sharepointonline']['connectionId']"},"api":{"runtimeUrl":"https://flow-apim-unitedstates-002-eastus-01.azure-apim.net/apim/sharepointonline"}},"method":"post","body":"@dataUriToBinary(item()?['DataStream'])","path":"/datasets/@{encodeURIComponent(encodeURIComponent('https://rdorrani.sharepoint.com/sites/archivehome'))}/tables/@{encodeURIComponent(encodeURIComponent('f3a07162-470c-413b-890c-0f0c2e254efa'))}/items/@{encodeURIComponent(encodeURIComponent(body('Create_item')?['ID']))}/attachments","queries":{"displayName":"@{items('Apply_to_each_and_send_to_SharePoint_List')?['Name']}"},"authentication":{"type":"Raw","value":"@json(decodeBase64(triggerOutputs().headers['X-MS-APIM-Tokens']))['$ConnectionKey']"}}}},"runAfter":{},"metadata":{"operationMetadataId":"f55fa643-ab1f-444a-9b2f-8d20da4e259b"},"type":"Foreach"}},"runAfter":{"JSONMetadata":["Succeeded"]},"metadata":{"operationMetadataId":"4a97c26e-08b9-46b5-9824-eb3bfabdaa8d"},"type":"Scope"},"Set_variable":{"runAfter":{"Scope":["Succeeded"]},"metadata":{"operationMetadataId":"a0861ffe-3d8e-4ce0-8e31-7478926a7f76"},"type":"SetVariable","inputs":{"name":"isSuccess","value":"Yes"}},"Set_variable_2":{"runAfter":{"Scope":["Failed","Skipped","TimedOut"]},"metadata":{"operationMetadataId":"29d52159-9418-4fd3-a319-65e9c2ecb5a5"},"type":"SetVariable","inputs":{"name":"isSuccess","value":"No"}},"Respond_to_a_PowerApp_or_flow":{"runAfter":{"Set_variable":["Succeeded","Skipped"],"Set_variable_2":["Succeeded","Skipped"]},"metadata":{"operationMetadataId":"f6990ad8-88ec-42c5-ae7e-263850578c83"},"type":"Response","kind":"PowerApp","inputs":{"statusCode":200,"body":{"success":"@variables('isSuccess')"},"schema":{"type":"object","properties":{"success":{"title":"Success","x-ms-dynamically-added":true,"type":"string"}}}}},"Is_Process_Successful":{"runAfter":{},"metadata":{"operationMetadataId":"c5f75d5d-e2ac-48e4-af1d-416367dcb3b1"},"type":"InitializeVariable","inputs":{"variables":[{"name":"isSuccess","type":"string"}]}}},"outputs":{},"description":"Create one or more actions to happen when a button or link in PowerApps is selected. To use this flow from a PowerApp, select the control you want to trigger the flow and go to the Action tab in the PowerApps ribbon and select Flows."},"connectionReferences":{"shared_sharepointonline":{"connectionName":"b5c6e3ddc70740149a7027786b567d51","source":"Invoker","id":"/providers/Microsoft.PowerApps/apis/shared_sharepointonline","tier":"NotSpecified"}},"flowFailureAlertSubscribed":false,"isManaged":false}}