{"schemaVersion":"1.0","appDefinitionTemplate":{"id":"/providers/Microsoft.PowerApps/apps/","type":"Microsoft.PowerApps/apps","tags":{"primaryDeviceWidth":"1365","primaryDeviceHeight":"554","sienaVersion":"20220222T134558Z-3.22015.31.0","deviceCapabilities":"","supportsPortrait":"true","supportsLandscape":"true","primaryFormFactor":"Tablet","publisherVersion":"3.22015.31","minimumRequiredApiVersion":"2.2.0","hasComponent":"false","hasUnlockedComponent":"false","isUnifiedRootApp":"false"},"properties":{"appVersion":"2022-02-22T13:45:58Z","lifeCycleId":"Published","createdByClientVersion":{"major":3,"minor":22015,"build":31,"revision":0,"majorRevision":0,"minorRevision":0},"minClientVersion":{"major":3,"minor":22015,"build":31,"revision":0,"majorRevision":0,"minorRevision":0},"backgroundColor":"RGBA(0,176,240,1)","backgroundImageUri":"/15734463133631747459/N0f6ead86-bc1a-4029-9a0d-d92205cd7134-logoSmallFile","displayName":"PowerappsLearnings_GalleryFilterPane","description":"","commitMessage":"","appUris":{"documentUri":{"value":"/15734463133631747459/N2b93ffeb-7f3d-49c8-b06f-5e998ee87ae5-document.msapp"},"imageUris":[]},"createdTime":"0001-01-01T00:00:00Z","lastModifiedTime":"0001-01-01T00:00:00Z","sharedGroupsCount":0,"sharedUsersCount":0,"icons":{"smallIconUri":"/15734463133631747459/N9a006608-c6ba-4027-9aec-5e0afeb85327-small.png","mediumIconUri":"/15734463133631747459/Ncc06e8c4-de55-479f-9c4a-982d41465b50-medium.png","largeIconUri":"/15734463133631747459/Ne936f504-a419-4a5c-9a8e-b2f9b4654518-large.png","wideIconUri":"/15734463133631747459/Nd796fb18-e3db-4b2e-81f3-8cd08602bc16-wide.png"},"connectionReferences":{"029a5767-16e7-4233-9bcc-e97e9f3cc94e":{"id":"c1242cec-53c2-48d3-92c7-80afb4fb4149","displayName":"SharePoint","iconUri":"https://connectoricons-prod.azureedge.net/releases/v1.0.1550/1.0.1550.2686/sharepointonline/icon.png","dataSources":["GalleryFilterPane"],"dependencies":[],"dependents":[],"parameterHints":{},"parameterHintsV2":{},"isOnPremiseConnection":false,"bypassConsent":false,"dataSets":{"https://5ydm6t.sharepoint.com/sites/SharepointLearnings":{"dataSources":{"GalleryFilterPane":{"tableName":"95aa1e77-cbef-44d5-a0a4-831ed6a55242"}}}},"apiTier":"Standard","isCustomApiConnection":false,"actions":["providers/PowerPlatform.Governance/Operations/Read"]}},"databaseReferences":{},"almMode":"Environment","performanceOptimizationEnabled":true,"canConsumeAppPass":true,"executionRestrictions":{"isTeamsOnly":false,"dataLossPreventionEvaluationResult":{"status":"Compliant","lastEvaluationDate":"2022-02-22T07:39:39.0097862Z","violations":[],"violationsByPolicy":[],"violationErrorMessage":"The app uses the following connectors: shared_sharepointonline."}}},"appType":"ClassicCanvasApp","appComponents":[]}}