{"schemaVersion":"1.0","appDefinitionTemplate":{"id":"/providers/Microsoft.PowerApps/apps/","type":"Microsoft.PowerApps/apps","tags":{"primaryDeviceWidth":"1365","primaryDeviceHeight":"554","sienaVersion":"20220618T115133Z-3.22055.13.0","deviceCapabilities":"","supportsPortrait":"true","supportsLandscape":"true","primaryFormFactor":"Tablet","publisherVersion":"3.22055.13","minimumRequiredApiVersion":"2.2.0","hasComponent":"false","hasUnlockedComponent":"false","isUnifiedRootApp":"false"},"properties":{"appVersion":"2022-06-18T11:51:33Z","lifeCycleId":"Published","createdByClientVersion":{"major":3,"minor":22055,"build":13,"revision":0,"majorRevision":0,"minorRevision":0},"minClientVersion":{"major":3,"minor":22055,"build":13,"revision":0,"majorRevision":0,"minorRevision":0},"backgroundColor":"RGBA(0,176,240,1)","backgroundImageUri":"/15069445105737627989/N06601706-0ffd-4132-a5a5-24f060639708-logoSmallFile","displayName":"Motor_Quotation","description":"","commitMessage":"","appUris":{"documentUri":{"value":"/15069445105737627989/Nb453d40c-e67b-4883-8e25-4ec91d22222c-document.msapp"},"imageUris":[],"additionalUris":[]},"createdTime":"0001-01-01T00:00:00Z","lastModifiedTime":"0001-01-01T00:00:00Z","sharedGroupsCount":0,"sharedUsersCount":0,"icons":{"smallIconUri":"/15069445105737627989/N41218913-9623-494b-b8c4-26f373b2f06c-small.png","mediumIconUri":"/15069445105737627989/N90962340-87e9-429a-a8a5-53de4fcd25c0-medium.png","largeIconUri":"/15069445105737627989/N7fed2be9-defe-4031-a1ff-35ee1dcbcef0-large.png","wideIconUri":"/15069445105737627989/N7a8c13d8-ed55-41a1-8f24-f33035b04ac8-wide.png"},"connectionReferences":{"3c8ff583-2e67-4b05-b6e3-a0a20b2c2909":{"id":"c1242cec-53c2-48d3-92c7-80afb4fb4149","displayName":"SharePoint","iconUri":"https://connectoricons-prod.azureedge.net/releases/v1.0.1578/1.0.1578.2813/sharepointonline/icon.png","dataSources":["CC1000"],"dependencies":[],"dependents":[],"parameterHints":{},"parameterHintsV2":{},"isOnPremiseConnection":false,"bypassConsent":false,"dataSets":{"https://5ydm6t.sharepoint.com/sites/SharepointLearnings":{"dataSources":{"CC1000":{"tableName":"c4a74969-e0bf-47dc-ae11-25a129ba7a71"}}}},"apiTier":"Standard","isCustomApiConnection":false,"actions":["providers/PowerPlatform.Governance/Operations/Read"]}},"databaseReferences":{},"almMode":"Environment","performanceOptimizationEnabled":true,"canConsumeAppPass":true,"executionRestrictions":{"isTeamsOnly":false,"dataLossPreventionEvaluationResult":{"status":"Compliant","lastEvaluationDate":"2022-03-05T06:50:59.0546927Z","violations":[],"violationsByPolicy":[],"violationErrorMessage":"The app uses the following connectors: ."}}},"appType":"ClassicCanvasApp","appComponents":[]}}