{"schemaVersion":"1.0","appDefinitionTemplate":{"id":"/providers/Microsoft.PowerApps/apps/","type":"Microsoft.PowerApps/apps","tags":{"primaryDeviceWidth":"640","primaryDeviceHeight":"1136","sienaVersion":"20220206T134809Z-3.22013.7.0","deviceCapabilities":"","supportsPortrait":"true","supportsLandscape":"true","primaryFormFactor":"Phone","publisherVersion":"3.22013.7","minimumRequiredApiVersion":"2.2.0","hasComponent":"false","hasUnlockedComponent":"false","isUnifiedRootApp":"false"},"properties":{"appVersion":"2022-02-06T13:48:09Z","lifeCycleId":"Published","createdByClientVersion":{"major":3,"minor":22013,"build":7,"revision":0,"majorRevision":0,"minorRevision":0},"minClientVersion":{"major":3,"minor":22013,"build":7,"revision":0,"majorRevision":0,"minorRevision":0},"backgroundColor":"RGBA(0,176,240,1)","backgroundImageUri":"/4538391020720826314/Ne7c373c1-0b6c-4ee3-a754-e68fd4efe669-logoSmallFile","displayName":"PowerappLearnings_CascadingDropdown","description":"","commitMessage":"","appUris":{"documentUri":{"value":"/4538391020720826314/Nfc4b3e0f-6a16-4726-a307-041de3674481-document.msapp"},"imageUris":[]},"createdTime":"0001-01-01T00:00:00Z","lastModifiedTime":"0001-01-01T00:00:00Z","sharedGroupsCount":0,"sharedUsersCount":0,"icons":{"smallIconUri":"/4538391020720826314/N2322a8ac-7fab-4471-9cbd-55c40081eef7-small.png","mediumIconUri":"/4538391020720826314/N84e3892c-f1e2-4570-a0ed-e4c403e476bf-medium.png","largeIconUri":"/4538391020720826314/N4d58a770-0179-4a9a-bb5e-34e4249f2de0-large.png","wideIconUri":"/4538391020720826314/N245d6aeb-3c9b-4588-854e-6e5429832d98-wide.png"},"connectionReferences":{"67baad25-1565-46b4-bf1b-71fcd3e8ad86":{"id":"c1242cec-53c2-48d3-92c7-80afb4fb4149","displayName":"SharePoint","iconUri":"https://connectoricons-prod.azureedge.net/releases/v1.0.1546/1.0.1546.2667/sharepointonline/icon.png","dataSources":["Cascading_Dropdowns_Patch","Cascading_Dropdowns_1"],"dependencies":[],"dependents":[],"parameterHints":{},"parameterHintsV2":{},"isOnPremiseConnection":false,"bypassConsent":false,"dataSets":{"https://5ydm6t.sharepoint.com/sites/SharepointLearnings":{"dataSources":{"Cascading_Dropdowns_Patch":{"tableName":"a0b5051e-fd32-4200-a757-b4f61af38e98"},"Cascading_Dropdowns_1":{"tableName":"e70cebd6-7eca-4fa5-9718-9189bd562e02"}}}},"apiTier":"Standard","isCustomApiConnection":false,"actions":["providers/PowerPlatform.Governance/Operations/Read"]}},"databaseReferences":{},"almMode":"Environment","performanceOptimizationEnabled":true,"canConsumeAppPass":true,"executionRestrictions":{"isTeamsOnly":false,"dataLossPreventionEvaluationResult":{"status":"Compliant","lastEvaluationDate":"2022-02-06T12:57:18.66462Z","violations":[],"violationsByPolicy":[],"violationErrorMessage":"The app uses the following connectors: shared_sharepointonline."}}},"appType":"ClassicCanvasApp","appComponents":[]}}