{"schemaVersion":"1.0","appDefinitionTemplate":{"id":"/providers/Microsoft.PowerApps/apps/","type":"Microsoft.PowerApps/apps","tags":{"primaryDeviceWidth":"640","primaryDeviceHeight":"1136","supportsPortrait":"true","supportsLandscape":"true","primaryFormFactor":"Phone","publisherVersion":"3.22101.23","minimumRequiredApiVersion":"2.2.0","hasComponent":"false","hasUnlockedComponent":"false","isUnifiedRootApp":"false","sienaVersion":"20221020T052953Z-3.22101.23.0"},"properties":{"appVersion":"2022-10-20T05:29:53Z","lifeCycleId":"Published","createdByClientVersion":{"major":3,"minor":22101,"build":23,"revision":0,"majorRevision":0,"minorRevision":0},"minClientVersion":{"major":3,"minor":22101,"build":23,"revision":0,"majorRevision":0,"minorRevision":0},"backgroundColor":"RGBA(0,176,240,1)","backgroundImageUri":"/5186019568549424828/N697ea985-71d5-497b-88a2-afec4d5881af-logoSmallFile","displayName":"QR Code Scanner","description":"","commitMessage":"","appUris":{"documentUri":{"value":"/5186019568549424828/N1fd15329-1407-49ca-bdc3-13f086282e4b-document.msapp"},"imageUris":[],"additionalUris":[]},"createdTime":"0001-01-01T00:00:00Z","lastModifiedTime":"0001-01-01T00:00:00Z","sharedGroupsCount":0,"sharedUsersCount":0,"icons":{"smallIconUri":"/5186019568549424828/Nf5e936a9-1415-4925-b29c-34c5bee9a23d-small.png","mediumIconUri":"/5186019568549424828/N0e94bcc6-a19c-4460-99dc-602f8377dc4e-medium.png","largeIconUri":"/5186019568549424828/Nc9a7b2d9-d1c1-4658-b8ef-6fb862e61dfb-large.png","wideIconUri":"/5186019568549424828/N9dfeb6fa-90de-4a74-90bd-86210327042a-wide.png"},"connectionReferences":{},"databaseReferences":{},"almMode":"Environment","performanceOptimizationEnabled":true,"canConsumeAppPass":true,"enableModernRuntimeMode":false,"executionRestrictions":{"isTeamsOnly":false,"dataLossPreventionEvaluationResult":{"status":"Compliant","lastEvaluationDate":"2022-10-20T05:30:10.6815554Z","violations":[],"violationsByPolicy":[],"violationErrorMessage":"The app uses the following connectors: ."}}},"appType":"ClassicCanvasApp","appComponents":[]}}